what,kind,bundleId,bundleVersion,description,time
activated,workbench,org.eclipse.ui.workbench,3.6.1.M20100826-1330,"",1510981366249
executed,command,,,"com.altera.sbtgui.launch.hardware.Nios2HardwareLaunchShortcut.run",1510981367477
deactivated,workbench,org.eclipse.ui.workbench,3.6.1.M20100826-1330,"",1510981370116
activated,view,com.altera.sbtgui.launch,12.0.0.178,"com.altera.sbtgui.launch.hardware.ByteStreamConsoleView",1510981372012
activated,workbench,org.eclipse.ui.workbench,3.6.1.M20100826-1330,"",1510981375560
activated,view,org.eclipse.ui.console,3.5.0.v20100526,"org.eclipse.ui.console.ConsoleView",1510981375562
activated,view,com.altera.sbtgui.launch,12.0.0.178,"com.altera.sbtgui.launch.hardware.ByteStreamConsoleView",1510981381990
activated,editor,org.eclipse.cdt.ui,5.2.1.201009141542,"org.eclipse.cdt.ui.editor.CEditor",1510981399348
executed,command,org.eclipse.ui,3.6.1.M20100826-1330,"org.eclipse.ui.edit.copy",1510981400452
executed,command,org.eclipse.ui,3.6.1.M20100826-1330,"org.eclipse.ui.edit.paste",1510981403999
executed,command,org.eclipse.ui,3.6.1.M20100826-1330,"org.eclipse.ui.file.save",1510981410626
activated,view,org.eclipse.ui.navigator.resources,3.4.201.M20100707-0800,"org.eclipse.ui.navigator.ProjectExplorer",1510981411738
deactivated,workbench,org.eclipse.ui.workbench,3.6.1.M20100826-1330,"",1510981419596
executed,command,,,"com.altera.sbtgui.launch.hardware.Nios2HardwareLaunchShortcut.run",1510981427033
activated,workbench,org.eclipse.ui.workbench,3.6.1.M20100826-1330,"",1510981429637
deactivated,workbench,org.eclipse.ui.workbench,3.6.1.M20100826-1330,"",1510981430942
activated,view,com.altera.sbtgui.launch,12.0.0.178,"com.altera.sbtgui.launch.hardware.ByteStreamConsoleView",1510981431928
activated,view,org.eclipse.ui.navigator.resources,3.4.201.M20100707-0800,"org.eclipse.ui.navigator.ProjectExplorer",1510981433526
activated,workbench,org.eclipse.ui.workbench,3.6.1.M20100826-1330,"",1510981433535
activated,editor,org.eclipse.cdt.ui,5.2.1.201009141542,"org.eclipse.cdt.ui.editor.CEditor",1510981471673
executed,command,org.eclipse.ui,3.6.1.M20100826-1330,"org.eclipse.ui.edit.copy",1510981533761
executed,command,org.eclipse.ui,3.6.1.M20100826-1330,"org.eclipse.ui.edit.paste",1510981534982
executed,command,org.eclipse.ui,3.6.1.M20100826-1330,"org.eclipse.ui.file.save",1510981541674
activated,view,org.eclipse.ui.navigator.resources,3.4.201.M20100707-0800,"org.eclipse.ui.navigator.ProjectExplorer",1510981547626
deactivated,workbench,org.eclipse.ui.workbench,3.6.1.M20100826-1330,"",1510981550445
activated,workbench,org.eclipse.ui.workbench,3.6.1.M20100826-1330,"",1510981556225
executed,command,,,"com.altera.sbtgui.launch.hardware.Nios2HardwareLaunchShortcut.run",1510981557492
activated,view,com.altera.sbtgui.launch,12.0.0.178,"com.altera.sbtgui.launch.hardware.ByteStreamConsoleView",1510981561638
activated,view,org.eclipse.ui.console,3.5.0.v20100526,"org.eclipse.ui.console.ConsoleView",1510981564898
activated,view,com.altera.sbtgui.launch,12.0.0.178,"com.altera.sbtgui.launch.hardware.ByteStreamConsoleView",1510981570825
activated,editor,org.eclipse.cdt.ui,5.2.1.201009141542,"org.eclipse.cdt.ui.editor.CEditor",1510981609981
executed,command,org.eclipse.ui,3.6.1.M20100826-1330,"org.eclipse.ui.edit.copy",1510981612089
executed,command,org.eclipse.ui,3.6.1.M20100826-1330,"org.eclipse.ui.edit.paste",1510981640880
executed,command,org.eclipse.ui,3.6.1.M20100826-1330,"org.eclipse.ui.edit.copy",1510981665584
executed,command,org.eclipse.ui,3.6.1.M20100826-1330,"org.eclipse.ui.edit.paste",1510981671733
executed,command,org.eclipse.ui,3.6.1.M20100826-1330,"org.eclipse.ui.edit.copy",1510981722271
executed,command,org.eclipse.ui,3.6.1.M20100826-1330,"org.eclipse.ui.edit.copy",1510981732351
executed,command,org.eclipse.ui,3.6.1.M20100826-1330,"org.eclipse.ui.edit.paste",1510981733851
executed,command,org.eclipse.ui,3.6.1.M20100826-1330,"org.eclipse.ui.edit.paste",1510981746950
executed,command,org.eclipse.ui,3.6.1.M20100826-1330,"org.eclipse.ui.edit.undo",1510981748160
executed,command,org.eclipse.ui,3.6.1.M20100826-1330,"org.eclipse.ui.edit.copy",1510981751431
executed,command,org.eclipse.ui,3.6.1.M20100826-1330,"org.eclipse.ui.edit.paste",1510981752234
executed,command,org.eclipse.ui,3.6.1.M20100826-1330,"org.eclipse.ui.edit.paste",1510981761107
executed,command,org.eclipse.ui,3.6.1.M20100826-1330,"org.eclipse.ui.edit.paste",1510981771003
executed,command,org.eclipse.ui,3.6.1.M20100826-1330,"org.eclipse.ui.file.save",1510981775427
executed,command,org.eclipse.ui,3.6.1.M20100826-1330,"org.eclipse.ui.edit.copy",1510981783104
executed,command,org.eclipse.ui,3.6.1.M20100826-1330,"org.eclipse.ui.edit.paste",1510981784755
executed,command,org.eclipse.ui,3.6.1.M20100826-1330,"org.eclipse.ui.file.save",1510981786539
activated,view,org.eclipse.ui.navigator.resources,3.4.201.M20100707-0800,"org.eclipse.ui.navigator.ProjectExplorer",1510981789625
deactivated,workbench,org.eclipse.ui.workbench,3.6.1.M20100826-1330,"",1510981792460
activated,workbench,org.eclipse.ui.workbench,3.6.1.M20100826-1330,"",1510981795513
executed,command,,,"com.altera.sbtgui.launch.hardware.Nios2HardwareLaunchShortcut.run",1510981796731
deactivated,workbench,org.eclipse.ui.workbench,3.6.1.M20100826-1330,"",1510981799749
activated,workbench,org.eclipse.ui.workbench,3.6.1.M20100826-1330,"",1510981801427
activated,editor,org.eclipse.cdt.ui,5.2.1.201009141542,"org.eclipse.cdt.ui.editor.CEditor",1510981802630
executed,command,org.eclipse.ui,3.6.1.M20100826-1330,"org.eclipse.ui.file.save",1510981818409
activated,view,org.eclipse.ui.navigator.resources,3.4.201.M20100707-0800,"org.eclipse.ui.navigator.ProjectExplorer",1510981819477
activated,editor,org.eclipse.cdt.ui,5.2.1.201009141542,"org.eclipse.cdt.ui.editor.CEditor",1510981820196
activated,view,org.eclipse.ui.navigator.resources,3.4.201.M20100707-0800,"org.eclipse.ui.navigator.ProjectExplorer",1510981824421
deactivated,workbench,org.eclipse.ui.workbench,3.6.1.M20100826-1330,"",1510981826835
activated,workbench,org.eclipse.ui.workbench,3.6.1.M20100826-1330,"",1510981829895
executed,command,,,"com.altera.sbtgui.launch.hardware.Nios2HardwareLaunchShortcut.run",1510981831132
deactivated,workbench,org.eclipse.ui.workbench,3.6.1.M20100826-1330,"",1510981833996
activated,workbench,org.eclipse.ui.workbench,3.6.1.M20100826-1330,"",1510981836763
activated,editor,org.eclipse.cdt.ui,5.2.1.201009141542,"org.eclipse.cdt.ui.editor.CEditor",1510981839455
executed,command,org.eclipse.ui,3.6.1.M20100826-1330,"org.eclipse.ui.file.save",1510981842213
activated,view,org.eclipse.ui.navigator.resources,3.4.201.M20100707-0800,"org.eclipse.ui.navigator.ProjectExplorer",1510981843179
deactivated,workbench,org.eclipse.ui.workbench,3.6.1.M20100826-1330,"",1510981846902
activated,workbench,org.eclipse.ui.workbench,3.6.1.M20100826-1330,"",1510981853120
executed,command,,,"com.altera.sbtgui.launch.hardware.Nios2HardwareLaunchShortcut.run",1510981854364
deactivated,workbench,org.eclipse.ui.workbench,3.6.1.M20100826-1330,"",1510981854686
activated,workbench,org.eclipse.ui.workbench,3.6.1.M20100826-1330,"",1510981857698
activated,view,com.altera.sbtgui.launch,12.0.0.178,"com.altera.sbtgui.launch.hardware.ByteStreamConsoleView",1510981859416
activated,view,org.eclipse.ui.console,3.5.0.v20100526,"org.eclipse.ui.console.ConsoleView",1510981862609
activated,view,com.altera.sbtgui.launch,12.0.0.178,"com.altera.sbtgui.launch.hardware.ByteStreamConsoleView",1510981868344
activated,editor,org.eclipse.cdt.ui,5.2.1.201009141542,"org.eclipse.cdt.ui.editor.CEditor",1510981979622
executed,command,org.eclipse.ui,3.6.1.M20100826-1330,"org.eclipse.ui.edit.copy",1510981990580
executed,command,org.eclipse.ui,3.6.1.M20100826-1330,"org.eclipse.ui.edit.paste",1510981995074
executed,command,org.eclipse.ui,3.6.1.M20100826-1330,"org.eclipse.ui.edit.copy",1510982000908
executed,command,org.eclipse.ui,3.6.1.M20100826-1330,"org.eclipse.ui.edit.paste",1510982002933
executed,command,org.eclipse.ui,3.6.1.M20100826-1330,"org.eclipse.ui.file.save",1510982006840
executed,command,org.eclipse.ui,3.6.1.M20100826-1330,"org.eclipse.ui.file.save",1510982021352
activated,view,org.eclipse.ui.navigator.resources,3.4.201.M20100707-0800,"org.eclipse.ui.navigator.ProjectExplorer",1510982022482
deactivated,workbench,org.eclipse.ui.workbench,3.6.1.M20100826-1330,"",1510982024850
activated,workbench,org.eclipse.ui.workbench,3.6.1.M20100826-1330,"",1510982030833
executed,command,,,"com.altera.sbtgui.launch.hardware.Nios2HardwareLaunchShortcut.run",1510982032106
activated,view,com.altera.sbtgui.launch,12.0.0.178,"com.altera.sbtgui.launch.hardware.ByteStreamConsoleView",1510982036553
activated,view,org.eclipse.ui.console,3.5.0.v20100526,"org.eclipse.ui.console.ConsoleView",1510982039907
activated,view,com.altera.sbtgui.launch,12.0.0.178,"com.altera.sbtgui.launch.hardware.ByteStreamConsoleView",1510982045808
activated,editor,org.eclipse.cdt.ui,5.2.1.201009141542,"org.eclipse.cdt.ui.editor.CEditor",1510982071588
executed,command,org.eclipse.ui,3.6.1.M20100826-1330,"org.eclipse.ui.file.save",1510982075482
activated,view,org.eclipse.ui.navigator.resources,3.4.201.M20100707-0800,"org.eclipse.ui.navigator.ProjectExplorer",1510982076384
deactivated,workbench,org.eclipse.ui.workbench,3.6.1.M20100826-1330,"",1510982079413
executed,command,,,"com.altera.sbtgui.launch.hardware.Nios2HardwareLaunchShortcut.run",1510982086516
activated,workbench,org.eclipse.ui.workbench,3.6.1.M20100826-1330,"",1510982087176
deactivated,workbench,org.eclipse.ui.workbench,3.6.1.M20100826-1330,"",1510982089570
activated,view,com.altera.sbtgui.launch,12.0.0.178,"com.altera.sbtgui.launch.hardware.ByteStreamConsoleView",1510982091408
activated,workbench,org.eclipse.ui.workbench,3.6.1.M20100826-1330,"",1510982094901
activated,view,org.eclipse.ui.console,3.5.0.v20100526,"org.eclipse.ui.console.ConsoleView",1510982094904
activated,view,com.altera.sbtgui.launch,12.0.0.178,"com.altera.sbtgui.launch.hardware.ByteStreamConsoleView",1510982100835
activated,editor,org.eclipse.cdt.ui,5.2.1.201009141542,"org.eclipse.cdt.ui.editor.CEditor",1510982125210
executed,command,org.eclipse.ui,3.6.1.M20100826-1330,"org.eclipse.ui.edit.copy",1510982193730
executed,command,org.eclipse.ui,3.6.1.M20100826-1330,"org.eclipse.ui.edit.paste",1510982198552
executed,command,org.eclipse.ui,3.6.1.M20100826-1330,"org.eclipse.ui.file.save",1510982202745
executed,command,org.eclipse.ui,3.6.1.M20100826-1330,"org.eclipse.ui.edit.copy",1510982218154
executed,command,org.eclipse.ui,3.6.1.M20100826-1330,"org.eclipse.ui.edit.paste",1510982219248
executed,command,org.eclipse.ui,3.6.1.M20100826-1330,"org.eclipse.ui.edit.paste",1510982219871
executed,command,org.eclipse.ui,3.6.1.M20100826-1330,"org.eclipse.ui.file.save",1510982225760
executed,command,org.eclipse.ui,3.6.1.M20100826-1330,"org.eclipse.ui.file.save",1510982268639
executed,command,org.eclipse.ui,3.6.1.M20100826-1330,"org.eclipse.ui.edit.copy",1510982284914
executed,command,org.eclipse.ui,3.6.1.M20100826-1330,"org.eclipse.ui.edit.paste",1510982291592
executed,command,org.eclipse.ui,3.6.1.M20100826-1330,"org.eclipse.ui.file.save",1510982337519
executed,command,org.eclipse.ui,3.6.1.M20100826-1330,"org.eclipse.ui.edit.undo",1510982364367
executed,command,org.eclipse.ui,3.6.1.M20100826-1330,"org.eclipse.ui.edit.redo",1510982368198
executed,command,org.eclipse.ui,3.6.1.M20100826-1330,"org.eclipse.ui.edit.copy",1510982372248
executed,command,org.eclipse.ui,3.6.1.M20100826-1330,"org.eclipse.ui.edit.paste",1510982375422
executed,command,org.eclipse.ui,3.6.1.M20100826-1330,"org.eclipse.ui.file.save",1510982388648
executed,command,org.eclipse.ui,3.6.1.M20100826-1330,"org.eclipse.ui.edit.copy",1510982395951
executed,command,org.eclipse.ui,3.6.1.M20100826-1330,"org.eclipse.ui.edit.paste",1510982405745
executed,command,org.eclipse.ui,3.6.1.M20100826-1330,"org.eclipse.ui.file.save",1510982411659
executed,command,org.eclipse.ui,3.6.1.M20100826-1330,"org.eclipse.ui.edit.paste",1510982418851
executed,command,org.eclipse.ui,3.6.1.M20100826-1330,"org.eclipse.ui.edit.undo",1510982440585
executed,command,org.eclipse.ui,3.6.1.M20100826-1330,"org.eclipse.ui.edit.undo",1510982440866
executed,command,org.eclipse.ui,3.6.1.M20100826-1330,"org.eclipse.ui.edit.undo",1510982441184
executed,command,org.eclipse.ui,3.6.1.M20100826-1330,"org.eclipse.ui.edit.undo",1510982441517
executed,command,org.eclipse.ui,3.6.1.M20100826-1330,"org.eclipse.ui.edit.undo",1510982441890
executed,command,org.eclipse.ui,3.6.1.M20100826-1330,"org.eclipse.ui.edit.paste",1510982448738
executed,command,org.eclipse.ui,3.6.1.M20100826-1330,"org.eclipse.ui.file.save",1510982460346
executed,command,org.eclipse.ui,3.6.1.M20100826-1330,"org.eclipse.ui.edit.copy",1510982464583
executed,command,org.eclipse.ui,3.6.1.M20100826-1330,"org.eclipse.ui.edit.paste",1510982472053
executed,command,org.eclipse.ui,3.6.1.M20100826-1330,"org.eclipse.ui.edit.copy",1510982495279
executed,command,org.eclipse.ui,3.6.1.M20100826-1330,"org.eclipse.ui.edit.paste",1510982496115
executed,command,org.eclipse.ui,3.6.1.M20100826-1330,"org.eclipse.ui.edit.paste",1510982496425
executed,command,org.eclipse.ui,3.6.1.M20100826-1330,"org.eclipse.ui.edit.copy",1510982504383
executed,command,org.eclipse.ui,3.6.1.M20100826-1330,"org.eclipse.ui.edit.paste",1510982505329
executed,command,org.eclipse.ui,3.6.1.M20100826-1330,"org.eclipse.ui.edit.paste",1510982510633
executed,command,org.eclipse.ui,3.6.1.M20100826-1330,"org.eclipse.ui.file.save",1510982520648
executed,command,org.eclipse.ui,3.6.1.M20100826-1330,"org.eclipse.ui.edit.copy",1510982533135
executed,command,org.eclipse.ui,3.6.1.M20100826-1330,"org.eclipse.ui.edit.paste",1510982536071
executed,command,org.eclipse.ui,3.6.1.M20100826-1330,"org.eclipse.ui.file.save",1510982623479
executed,command,org.eclipse.ui,3.6.1.M20100826-1330,"org.eclipse.ui.edit.copy",1510982666189
executed,command,org.eclipse.ui,3.6.1.M20100826-1330,"org.eclipse.ui.edit.paste",1510982668256
executed,command,org.eclipse.ui,3.6.1.M20100826-1330,"org.eclipse.ui.edit.paste",1510982670872
executed,command,org.eclipse.ui,3.6.1.M20100826-1330,"org.eclipse.ui.file.save",1510982671682
executed,command,org.eclipse.ui,3.6.1.M20100826-1330,"org.eclipse.ui.edit.copy",1510982711004
executed,command,org.eclipse.ui,3.6.1.M20100826-1330,"org.eclipse.ui.edit.paste",1510982712048
executed,command,org.eclipse.ui,3.6.1.M20100826-1330,"org.eclipse.ui.file.save",1510982715579
executed,command,org.eclipse.ui,3.6.1.M20100826-1330,"org.eclipse.ui.edit.copy",1510982725679
executed,command,org.eclipse.ui,3.6.1.M20100826-1330,"org.eclipse.ui.edit.paste",1510982726608
executed,command,org.eclipse.ui,3.6.1.M20100826-1330,"org.eclipse.ui.edit.copy",1510982731492
executed,command,org.eclipse.ui,3.6.1.M20100826-1330,"org.eclipse.ui.edit.paste",1510982732353
executed,command,org.eclipse.ui,3.6.1.M20100826-1330,"org.eclipse.ui.file.save",1510982737809
executed,command,org.eclipse.ui,3.6.1.M20100826-1330,"org.eclipse.ui.edit.copy",1510982749460
executed,command,org.eclipse.ui,3.6.1.M20100826-1330,"org.eclipse.ui.edit.paste",1510982766482
executed,command,org.eclipse.ui,3.6.1.M20100826-1330,"org.eclipse.ui.edit.copy",1510982789187
executed,command,org.eclipse.ui,3.6.1.M20100826-1330,"org.eclipse.ui.edit.paste",1510982794753
executed,command,org.eclipse.ui,3.6.1.M20100826-1330,"org.eclipse.ui.file.save",1510982816162
executed,command,org.eclipse.ui,3.6.1.M20100826-1330,"org.eclipse.ui.edit.copy",1510982819171
executed,command,org.eclipse.ui,3.6.1.M20100826-1330,"org.eclipse.ui.edit.paste",1510982826857
executed,command,org.eclipse.ui,3.6.1.M20100826-1330,"org.eclipse.ui.edit.copy",1510982833339
executed,command,org.eclipse.ui,3.6.1.M20100826-1330,"org.eclipse.ui.edit.paste",1510982835577
executed,command,org.eclipse.ui,3.6.1.M20100826-1330,"org.eclipse.ui.file.save",1510982839616
executed,command,org.eclipse.ui,3.6.1.M20100826-1330,"org.eclipse.ui.edit.copy",1510982842275
executed,command,org.eclipse.ui,3.6.1.M20100826-1330,"org.eclipse.ui.edit.paste",1510982847018
executed,command,org.eclipse.ui,3.6.1.M20100826-1330,"org.eclipse.ui.edit.copy",1510982877402
executed,command,org.eclipse.ui,3.6.1.M20100826-1330,"org.eclipse.ui.edit.paste",1510982878817
executed,command,org.eclipse.ui,3.6.1.M20100826-1330,"org.eclipse.ui.file.save",1510982879798
executed,command,org.eclipse.ui,3.6.1.M20100826-1330,"org.eclipse.ui.edit.copy",1510982887282
executed,command,org.eclipse.ui,3.6.1.M20100826-1330,"org.eclipse.ui.edit.paste",1510982891226
executed,command,org.eclipse.ui,3.6.1.M20100826-1330,"org.eclipse.ui.edit.copy",1510982903898
executed,command,org.eclipse.ui,3.6.1.M20100826-1330,"org.eclipse.ui.edit.paste",1510982904915
deactivated,workbench,org.eclipse.ui.workbench,3.6.1.M20100826-1330,"",1510982917977
activated,workbench,org.eclipse.ui.workbench,3.6.1.M20100826-1330,"",1510982942981
executed,command,org.eclipse.ui,3.6.1.M20100826-1330,"org.eclipse.ui.file.save",1510982951203
executed,command,org.eclipse.ui,3.6.1.M20100826-1330,"org.eclipse.ui.edit.copy",1510982962777
deactivated,workbench,org.eclipse.ui.workbench,3.6.1.M20100826-1330,"",1510982986340
activated,workbench,org.eclipse.ui.workbench,3.6.1.M20100826-1330,"",1510982998496
executed,command,org.eclipse.ui,3.6.1.M20100826-1330,"org.eclipse.ui.file.save",1510983011718
executed,command,org.eclipse.ui,3.6.1.M20100826-1330,"org.eclipse.ui.edit.copy",1510983016617
executed,command,org.eclipse.ui,3.6.1.M20100826-1330,"org.eclipse.ui.edit.paste",1510983019114
executed,command,org.eclipse.ui,3.6.1.M20100826-1330,"org.eclipse.ui.file.save",1510983022221
executed,command,org.eclipse.ui,3.6.1.M20100826-1330,"org.eclipse.ui.edit.paste",1510983027809
deactivated,workbench,org.eclipse.ui.workbench,3.6.1.M20100826-1330,"",1510983032129
activated,workbench,org.eclipse.ui.workbench,3.6.1.M20100826-1330,"",1510983041285
executed,command,org.eclipse.ui,3.6.1.M20100826-1330,"org.eclipse.ui.file.save",1510983065787
deactivated,workbench,org.eclipse.ui.workbench,3.6.1.M20100826-1330,"",1510983067827
activated,workbench,org.eclipse.ui.workbench,3.6.1.M20100826-1330,"",1510983073471
executed,command,org.eclipse.ui,3.6.1.M20100826-1330,"org.eclipse.ui.edit.copy",1510983091632
executed,command,org.eclipse.ui,3.6.1.M20100826-1330,"org.eclipse.ui.edit.paste",1510983095510
executed,command,org.eclipse.ui,3.6.1.M20100826-1330,"org.eclipse.ui.file.save",1510983105296
executed,command,org.eclipse.ui,3.6.1.M20100826-1330,"org.eclipse.ui.file.save",1510983120090
executed,command,org.eclipse.ui,3.6.1.M20100826-1330,"org.eclipse.ui.edit.copy",1510983146976
executed,command,org.eclipse.ui,3.6.1.M20100826-1330,"org.eclipse.ui.edit.paste",1510983152335
executed,command,org.eclipse.ui,3.6.1.M20100826-1330,"org.eclipse.ui.file.save",1510983162245
executed,command,org.eclipse.ui,3.6.1.M20100826-1330,"org.eclipse.ui.edit.copy",1510983172399
executed,command,org.eclipse.ui,3.6.1.M20100826-1330,"org.eclipse.ui.edit.paste",1510983174626
executed,command,org.eclipse.ui,3.6.1.M20100826-1330,"org.eclipse.ui.edit.paste",1510983178001
executed,command,org.eclipse.ui,3.6.1.M20100826-1330,"org.eclipse.ui.file.save",1510983180849
executed,command,org.eclipse.ui,3.6.1.M20100826-1330,"org.eclipse.ui.edit.copy",1510983191095
executed,command,org.eclipse.ui,3.6.1.M20100826-1330,"org.eclipse.ui.edit.paste",1510983194969
executed,command,org.eclipse.ui,3.6.1.M20100826-1330,"org.eclipse.ui.edit.paste",1510983198097
executed,command,org.eclipse.ui,3.6.1.M20100826-1330,"org.eclipse.ui.edit.paste",1510983201618
executed,command,org.eclipse.ui,3.6.1.M20100826-1330,"org.eclipse.ui.file.save",1510983215712
executed,command,org.eclipse.ui,3.6.1.M20100826-1330,"org.eclipse.ui.file.save",1510983227904
deactivated,workbench,org.eclipse.ui.workbench,3.6.1.M20100826-1330,"",1510983238070
activated,workbench,org.eclipse.ui.workbench,3.6.1.M20100826-1330,"",1510983270293
executed,command,org.eclipse.ui,3.6.1.M20100826-1330,"org.eclipse.ui.file.save",1510983274302
executed,command,org.eclipse.ui,3.6.1.M20100826-1330,"org.eclipse.ui.file.save",1510983290598
executed,command,org.eclipse.ui,3.6.1.M20100826-1330,"org.eclipse.ui.file.save",1510983335860
activated,view,org.eclipse.ui.navigator.resources,3.4.201.M20100707-0800,"org.eclipse.ui.navigator.ProjectExplorer",1510983339181
deactivated,workbench,org.eclipse.ui.workbench,3.6.1.M20100826-1330,"",1510983342556
activated,workbench,org.eclipse.ui.workbench,3.6.1.M20100826-1330,"",1510983347985
executed,command,,,"com.altera.sbtgui.launch.hardware.Nios2HardwareLaunchShortcut.run",1510983349244
activated,view,com.altera.sbtgui.launch,12.0.0.178,"com.altera.sbtgui.launch.hardware.ByteStreamConsoleView",1510983353174
activated,view,org.eclipse.ui.console,3.5.0.v20100526,"org.eclipse.ui.console.ConsoleView",1510983356286
activated,view,com.altera.sbtgui.launch,12.0.0.178,"com.altera.sbtgui.launch.hardware.ByteStreamConsoleView",1510983361996
activated,editor,org.eclipse.cdt.ui,5.2.1.201009141542,"org.eclipse.cdt.ui.editor.CEditor",1510983386147
activated,view,com.altera.sbtgui.launch,12.0.0.178,"com.altera.sbtgui.launch.hardware.ByteStreamConsoleView",1510983404245
activated,view,org.eclipse.ui.console,3.5.0.v20100526,"org.eclipse.ui.console.ConsoleView",1510983406932
activated,view,com.altera.sbtgui.launch,12.0.0.178,"com.altera.sbtgui.launch.hardware.ByteStreamConsoleView",1510983412658
activated,editor,org.eclipse.cdt.ui,5.2.1.201009141542,"org.eclipse.cdt.ui.editor.CEditor",1510983423003
executed,command,org.eclipse.ui,3.6.1.M20100826-1330,"org.eclipse.ui.file.save",1510983427412
activated,view,com.altera.sbtgui.launch,12.0.0.178,"com.altera.sbtgui.launch.hardware.ByteStreamConsoleView",1510983436005
activated,view,org.eclipse.ui.console,3.5.0.v20100526,"org.eclipse.ui.console.ConsoleView",1510983438577
activated,view,com.altera.sbtgui.launch,12.0.0.178,"com.altera.sbtgui.launch.hardware.ByteStreamConsoleView",1510983444232
activated,editor,org.eclipse.cdt.ui,5.2.1.201009141542,"org.eclipse.cdt.ui.editor.CEditor",1510983448719
executed,command,org.eclipse.ui,3.6.1.M20100826-1330,"org.eclipse.ui.file.save",1510983451493
activated,view,com.altera.sbtgui.launch,12.0.0.178,"com.altera.sbtgui.launch.hardware.ByteStreamConsoleView",1510983461143
activated,view,org.eclipse.ui.console,3.5.0.v20100526,"org.eclipse.ui.console.ConsoleView",1510983463749
activated,view,com.altera.sbtgui.launch,12.0.0.178,"com.altera.sbtgui.launch.hardware.ByteStreamConsoleView",1510983469429
activated,editor,org.eclipse.cdt.ui,5.2.1.201009141542,"org.eclipse.cdt.ui.editor.CEditor",1510983473856
activated,view,com.altera.sbtgui.launch,12.0.0.178,"com.altera.sbtgui.launch.hardware.ByteStreamConsoleView",1510983529646
activated,view,org.eclipse.ui.console,3.5.0.v20100526,"org.eclipse.ui.console.ConsoleView",1510983532300
activated,view,com.altera.sbtgui.launch,12.0.0.178,"com.altera.sbtgui.launch.hardware.ByteStreamConsoleView",1510983537995
activated,view,org.eclipse.ui.console,3.5.0.v20100526,"org.eclipse.ui.console.ConsoleView",1510983620568
activated,view,com.altera.sbtgui.launch,12.0.0.178,"com.altera.sbtgui.launch.hardware.ByteStreamConsoleView",1510983626189
deactivated,workbench,org.eclipse.ui.workbench,3.6.1.M20100826-1330,"",1510983832332
activated,workbench,org.eclipse.ui.workbench,3.6.1.M20100826-1330,"",1510983944635
activated,editor,org.eclipse.cdt.ui,5.2.1.201009141542,"org.eclipse.cdt.ui.editor.CEditor",1510983944684
executed,command,org.eclipse.ui,3.6.1.M20100826-1330,"org.eclipse.ui.edit.copy",1510983959254
executed,command,org.eclipse.ui,3.6.1.M20100826-1330,"org.eclipse.ui.edit.paste",1510983962794
executed,command,org.eclipse.ui,3.6.1.M20100826-1330,"org.eclipse.ui.file.save",1510983966124
activated,view,org.eclipse.ui.navigator.resources,3.4.201.M20100707-0800,"org.eclipse.ui.navigator.ProjectExplorer",1510983967888
deactivated,workbench,org.eclipse.ui.workbench,3.6.1.M20100826-1330,"",1510983972170
activated,workbench,org.eclipse.ui.workbench,3.6.1.M20100826-1330,"",1510983977664
executed,command,,,"com.altera.sbtgui.launch.hardware.Nios2HardwareLaunchShortcut.run",1510983978882
activated,view,com.altera.sbtgui.launch,12.0.0.178,"com.altera.sbtgui.launch.hardware.ByteStreamConsoleView",1510983983610
activated,view,org.eclipse.ui.console,3.5.0.v20100526,"org.eclipse.ui.console.ConsoleView",1510983986349
activated,view,com.altera.sbtgui.launch,12.0.0.178,"com.altera.sbtgui.launch.hardware.ByteStreamConsoleView",1510983992116
activated,editor,org.eclipse.cdt.ui,5.2.1.201009141542,"org.eclipse.cdt.ui.editor.CEditor",1510984014499
executed,command,org.eclipse.ui,3.6.1.M20100826-1330,"org.eclipse.ui.edit.copy",1510984020621
executed,command,org.eclipse.ui,3.6.1.M20100826-1330,"org.eclipse.ui.edit.copy",1510984032949
executed,command,org.eclipse.ui,3.6.1.M20100826-1330,"org.eclipse.ui.edit.paste",1510984034196
executed,command,org.eclipse.ui,3.6.1.M20100826-1330,"org.eclipse.ui.edit.copy",1510984060733
executed,command,org.eclipse.ui,3.6.1.M20100826-1330,"org.eclipse.ui.edit.paste",1510984075844
executed,command,org.eclipse.ui,3.6.1.M20100826-1330,"org.eclipse.ui.file.save",1510984080684
executed,command,org.eclipse.ui,3.6.1.M20100826-1330,"org.eclipse.ui.file.save",1510984090675
executed,command,org.eclipse.ui,3.6.1.M20100826-1330,"org.eclipse.ui.edit.copy",1510984157251
executed,command,org.eclipse.ui,3.6.1.M20100826-1330,"org.eclipse.ui.edit.paste",1510984160448
executed,command,org.eclipse.ui,3.6.1.M20100826-1330,"org.eclipse.ui.edit.undo",1510984163727
executed,command,org.eclipse.ui,3.6.1.M20100826-1330,"org.eclipse.ui.file.save",1510984200586
deactivated,workbench,org.eclipse.ui.workbench,3.6.1.M20100826-1330,"",1510984213547
activated,workbench,org.eclipse.ui.workbench,3.6.1.M20100826-1330,"",1510984245545
executed,command,org.eclipse.ui,3.6.1.M20100826-1330,"org.eclipse.ui.edit.paste",1510984247431
executed,command,org.eclipse.ui,3.6.1.M20100826-1330,"org.eclipse.ui.edit.copy",1510984384873
executed,command,org.eclipse.ui,3.6.1.M20100826-1330,"org.eclipse.ui.edit.paste",1510984385429
executed,command,org.eclipse.ui,3.6.1.M20100826-1330,"org.eclipse.ui.file.save",1510984467439
executed,command,org.eclipse.ui,3.6.1.M20100826-1330,"org.eclipse.ui.file.save",1510984502747
deactivated,workbench,org.eclipse.ui.workbench,3.6.1.M20100826-1330,"",1510984516363
activated,workbench,org.eclipse.ui.workbench,3.6.1.M20100826-1330,"",1510984531662
executed,command,org.eclipse.ui,3.6.1.M20100826-1330,"org.eclipse.ui.edit.copy",1510984536847
executed,command,org.eclipse.ui,3.6.1.M20100826-1330,"org.eclipse.ui.edit.paste",1510984538211
executed,command,org.eclipse.ui,3.6.1.M20100826-1330,"org.eclipse.ui.edit.copy",1510984552591
executed,command,org.eclipse.ui,3.6.1.M20100826-1330,"org.eclipse.ui.edit.paste",1510984553356
executed,command,org.eclipse.ui,3.6.1.M20100826-1330,"org.eclipse.ui.edit.copy",1510984585296
